phrase,count,token_count
all right,228,2
a gente,205,2
going to,152,2
for you,110,2
que voce,106,2
you have,96,2
eu vou,87,2
over here,85,2
to be,83,2
e o,74,2
this is,72,2
have a,71,2
para voce,69,2
que eu,68,2
if you,68,2
me a,67,2
let me,62,2
i'm gonna,62,2
going to be,59,3
to you,57,2
so you,57,2
you to,57,2
i can,57,2
pra voce,56,2
you know,56,2
we can,56,2
that you,56,2
you can,54,2
on the,52,2
so i,50,2
you guys,49,2
o que,48,2
for you to,47,3
the best,46,2
i have,45,2
que a,44,2
voce vai,43,2
text message,43,2
e ai,43,2
i see,43,2
you a,43,2
e a,42,2
is andre,42,2
we have,42,2
give me,41,2
this is andre,41,3
talk to,41,2
eu te,41,2
que a gente,38,3
que e,38,2
a call,38,2
sent you,38,2
com o,36,2
do you,36,2
to the,36,2
to have,36,2
the way,35,2
i sent,35,2
tell you,34,2
ai voce,33,2
help you,33,2
give me a,33,3
per person,33,2
i sent you,33,3
ta bom,32,2
are you,32,2
voce tem,32,2
so i can,32,3
send you,32,2
want to,31,2
vou te,30,2
eu ja,30,2
of the,30,2
a quote,30,2
keto catering,30,2
quando voce,29,2
se voce,29,2
a great,29,2
once you,29,2
from conquito,29,2
tudo bem,29,2
it's a,29,2
voce pode,28,2
to talk,28,2
me a call,28,3
give me a call,28,4
it's going,28,2
give you,28,2
like you,28,2
so you can,28,3
e que,27,2
com a,27,2
por pessoa,27,2
to know,27,2
our food,27,2
it's going to,27,3
in the,27,2
o que voce,26,3
great day,26,2
a text,26,2
deixa eu,26,2
you the,26,2
to get,26,2
a tasting,26,2
did you,26,2
e uma,25,2
o seu,25,2
ou menos,25,2
e mail,25,2
a text message,25,3
send me,25,2
you say,25,2
with the,25,2
and you,25,2
you're going,25,2
with you,25,2
mais ou,24,2
mais ou menos,24,3
you need,24,2
ai eu,24,2
and i,24,2
best way,24,2
nos temos,24,2
going to have,24,3
like you know,24,3
you're going to,24,3
for the,24,2
i mean,24,2
gonna send,24,2
como e,23,2
and i'll,23,2
conquito catering,23,2
from conquito catering,23,3
the best way,23,3
up with,23,2
to come,23,2
e muito,22,2
gente vai,22,2
a gente vai,22,3
make sure,22,2
you have a,22,3
voce me,22,2
eu nao,22,2
eu to,22,2
a little,22,2
if i,22,2
let's say,22,2
i'm gonna send,22,3
voce esta,22,2
o rodrigo,21,2
qualquer coisa,21,2
vou colocar,21,2
need to,21,2
to talk to,21,3
when you,21,2
e um,21,2
talk to you,21,3
little bit,21,2
a little bit,21,3
way possible,21,2
best way possible,21,3
get to,21,2
by the,21,2
andre from,21,2
to make,21,2
come up,21,2
come up with,21,3
you get,21,2
kind of,21,2
as you,21,2
o pagamento,20,2
como e que,20,3
we'll talk,20,2
do you have,20,3
the best way possible,20,4
try to,20,2
you come,20,2
say yes,20,2
i don't,20,2
gonna send you,20,3
i'm gonna send you,20,4
can you,20,2
i'm going,20,2
i'm going to,20,3
para o,19,2
as pessoas,19,2
fazer o,19,2
have it,19,2
978 381,19,2
381 1212,19,2
978 381 1212,19,3
andre calling,19,2
is andre calling,19,3
this is andre calling,19,4
love to,19,2
you and,19,2
so we,19,2
by the way,19,3
a lot,19,2
the tasting,19,2
have the,19,2
com keto,19,2
vai ter,19,2
100 pessoas,18,2
the quote,18,2
send me a,18,3
melhor forma,18,2
voce e,18,2
i would,18,2
you the best,18,3
you the best way,18,4
you the best way possible,18,5
food and,18,2
to have a,18,3
to a,18,2
com keto catering,18,3
is that,18,2
to me,18,2
you want,18,2
from com,18,2
vamos dizer,18,2
and we'll,18,2
e voce,17,2
a comida,17,2
te mandar,17,2
eu vou te,17,3
that's awesome,17,2
as soon,17,2
soon as,17,2
as soon as,17,3
have any,17,2
if you have,17,3
talk soon,17,2
da melhor,17,2
pode ser,17,2
entao eu,17,2
ai a,17,2
tipos de,17,2
for a,17,2
i believe,17,2
it's going to be,17,4
and the,17,2
you said,17,2
that you're,17,2
on a,17,2
you say yes,17,3
have to,17,2
look at,17,2
so that,17,2
to see,17,2
you make,17,2
uma coisa,16,2
a great day,16,3
i just,16,2
like a,16,2
is the,16,2
da melhor forma,16,3
de uma,16,2
feijao tropeiro,16,2
vou fazer,16,2
ai a gente,16,3
aqui e,16,2
i'll tell,16,2
i'll tell you,16,3
right so,16,2
all right so,16,3
would be,16,2
you would,16,2
is going,16,2
it's 35,16,2
yes to,16,2
say yes to,16,3
one of,16,2
i know,16,2
on your,16,2
from com keto,16,3
from com keto catering,16,4
call you,16,2
molho madeira,16,2
acho que,16,2
tipo de,16,2
gente pode,15,2
voce ta,15,2
nao tem,15,2
vou te mandar,15,3
para a,15,2
te falar,15,2
coisa que,15,2
how about,15,2
you have any,15,3
can i,15,2
de carne,15,2
get to know,15,3
trying to,15,2
andre here,15,2
going to have a,15,4
have you,15,2
is going to,15,3
35 per,15,2
35 per person,15,3
you say yes to,15,4
right i'm,15,2
all right i'm,15,3
take a,15,2
a look,15,2
take a look,15,3
give you a,15,3
dia 15,15,2
e eu,15,2
o preco,15,2
pure de,15,2
nao e,14,2
os aperitivos,14,2
a gente pode,14,3
quando a,14,2
gente faz,14,2
quando a gente,14,3
a gente faz,14,3
vai ser,14,2
o nosso,14,2
e a gente,14,3
a data,14,2
a couple,14,2
i'll send,14,2
we'll talk soon,14,3
you should,14,2
if you need,14,3
voce falou,14,2
com voce,14,2
me pediu,14,2
calling you,14,2
you could,14,2
so we can,14,3
ate mais,14,2
have a tasting,14,3
here from,14,2
andre here from,14,3
with a,14,2
come to,14,2
chicken salad,14,2
just now,14,2
the bill,14,2
the food,14,2
send you a,14,3
all the,14,2
for us,14,2
see that,14,2
ao molho,14,2
ao molho madeira,14,3
deixa eu te,14,3
tell me,14,2
and i'm,14,2
i got,14,2
voce vai ter,14,3
everything is,14,2
voce nao,13,2
voce ja,13,2
tem que,13,2
todos os,13,2
send it,13,2
it to,13,2
you need to,13,3
vamos la,13,2
pode colocar,13,2
eu vou fazer,13,3
frango com,13,2
com bacon,13,2
frango com bacon,13,3
would love,13,2
time for,13,2
i was,13,2
great food,13,2
you see,13,2
in a,13,2
you what,13,2
to say,13,2
tell you what,13,3
take care,13,2
catch you,13,2
we're going,13,2
we're going to,13,3
hold on,13,2
it's 35 per,13,3
it's 35 per person,13,4
towards the,13,2
at the,13,2
care of,13,2
is andre from,13,3
andre from conquito,13,3
this is andre from,13,4
go to,13,2
you right,13,2
us to,13,2
right then,13,2
i see that,13,3
to go,13,2
ou seja,13,2
some of,13,2
um pouquinho,12,2
forma que,12,2
alguma coisa,12,2
o dia,12,2
porque ai,12,2
assim que,12,2
no worries,12,2
me a text,12,3
send me a text,12,4
voce quer,12,2
andre aqui,12,2
de queijo,12,2
voce ver,12,2
i would love,12,3
would love to,12,3
best time,12,2
the best time,12,3
get the,12,2
right all,12,2
all right all,12,3
right all right,12,3
all right all right,12,4
about the,12,2
know our,12,2
come on,12,2
and everything,12,2
brazilian barbecue,12,2
so it's,12,2
towards the bill,12,3
quote for,12,2
you just,12,2
can do,12,2
thank you,12,2
you at,12,2
the event,12,2
right i'm gonna,12,3
all right i'm gonna,12,4
many people,12,2
be the,12,2
that we,12,2
for us to,12,3
here and,12,2
then and,12,2
and there,12,2
right then and,12,3
then and there,12,3
right then and there,12,4
i'm sorry,12,2
ai e,12,2
the 15th,12,2
que nao,12,2
bife ao,12,2
bife ao molho,12,3
bife ao molho madeira,12,4
in touch,12,2
eu tenho,12,2
and cheese,12,2
de repente,11,2
just give,11,2
just give me,11,3
any questions,11,2
okay so,11,2
need to talk,11,3
you need to talk,11,4
me a text message,11,4
send me a text message,11,5
voce pode colocar,11,3
o seguinte,11,2
por favor,11,2
que e o,11,3
i would love to,11,4
have a great,11,3
best time for,11,3
the best time for,11,4
de novo,11,2
i'll tell you what,11,4
up with a,11,3
you come to,11,3
guys are,11,2
you guys are,11,3
that's like,11,2
at 2pm,11,2
yes to a,11,3
to a quote,11,3
say yes to a,11,4
yes to a quote,11,4
you say yes to a,11,5
say yes to a quote,11,5
lot of,11,2
of different,11,2
a lot of,11,3
quote for you,11,3
take care of,11,3
did i,11,2
i catch,11,2
at a,11,2
did i catch,11,3
i catch you,11,3
did i catch you,11,4
at all,11,2
sent you a,11,3
can help,11,2
